ID,Name,City,Specialties,MinScore,About,Programs,Admission,International,Website
id001,Назарбаев Университет,Караганда,"Engineering, Robotics, Architecture",112,Университет является одним из крупных учебных заведений Казахстана и предлагает широкий спектр образовательных программ.,"Основные программы включают бакалавриат, магистратуру и докторантуру по различным направлениям.","Поступление осуществляется на основе ЕНТ/КТА, внутренних экзаменов или международных сертификатов.","ВУЗ сотрудничает с зарубежными университетами Европы и Азии, предоставляет возможности академической мобильности.",https://example.edu.kz
id002,КазНУ им. аль-Фараби,Уральск,"IT, Computer Science, Software Engineering",107,Университет является одним из крупных учебных заведений Казахстана и предлагает широкий спектр образовательных программ.,"Основные программы включают бакалавриат, магистратуру и докторантуру по различным направлениям.","Поступление осуществляется на основе ЕНТ/КТА, внутренних экзаменов или международных сертификатов.","ВУЗ сотрудничает с зарубежными университетами Европы и Азии, предоставляет возможности академической мобильности.",https://example.edu.kz
id003,ЕНУ им. Л.Н. Гумилёва,Атырау,"Medicine, Nursing, Dentistry",93,Университет является одним из крупных учебных заведений Казахстана и предлагает широкий спектр образовательных программ.,"Основные программы включают бакалавриат, магистратуру и докторантуру по различным направлениям.","Поступление осуществляется на основе ЕНТ/КТА, внутренних экзаменов или международных сертификатов.","ВУЗ сотрудничает с зарубежными университетами Европы и Азии, предоставляет возможности академической мобильности.",https://example.edu.kz
id004,КБТУ,Астана,"Law, International Relations",87,Университет является одним из крупных учебных заведений Казахстана и предлагает широкий спектр образовательных программ.,"Основные программы включают бакалавриат, магистратуру и докторантуру по различным направлениям.","Поступление осуществляется на основе ЕНТ/КТА, внутренних экзаменов или международных сертификатов.","ВУЗ сотрудничает с зарубежными университетами Европы и Азии, предоставляет возможности академической мобильности.",https://example.edu.kz
id005,Satbayev University,Атырау,"Medicine, Nursing, Dentistry",117,Университет является одним из крупных учебных заведений Казахстана и предлагает широкий спектр образовательных программ.,"Основные программы включают бакалавриат, магистратуру и докторантуру по различным направлениям.","Поступление осуществляется на основе ЕНТ/КТА, внутренних экзаменов или международных сертификатов.","ВУЗ сотрудничает с зарубежными университетами Европы и Азии, предоставляет возможности академической мобильности.",https://example.edu.kz
id006,SDU,Шымкент,"Education, Pedagogy, Philology",99,Университет является одним из крупных учебных заведений Казахстана и предлагает широкий спектр образовательных программ.,"Основные программы включают бакалавриат, магистратуру и докторантуру по различным направлениям.","Поступление осуществляется на основе ЕНТ/КТА, внутренних экзаменов или международных сертификатов.","ВУЗ сотрудничает с зарубежными университетами Европы и Азии, предоставляет возможности академической мобильности.",https://example.edu.kz
id007,AITU,Тараз,"Law, International Relations",102,Университет является одним из крупных учебных заведений Казахстана и предлагает широкий спектр образовательных программ.,"Основные программы включают бакалавриат, магистратуру и докторантуру по различным направлениям.","Поступление осуществляется на основе ЕНТ/КТА, внутренних экзаменов или международных сертификатов.","ВУЗ сотрудничает с зарубежными университетами Европы и Азии, предоставляет возможности академической мобильности.",https://example.edu.kz
id008,Narxoz University,Кокшетау,"Education, Pedagogy, Philology",102,Университет является одним из крупных учебных заведений Казахстана и предлагает широкий спектр образовательных программ.,"Основные программы включают бакалавриат, магистратуру и докторантуру по различным направлениям.","Поступление осуществляется на основе ЕНТ/КТА, внутренних экзаменов или международных сертификатов.","ВУЗ сотрудничает с зарубежными университетами Европы и Азии, предоставляет возможности академической мобильности.",https://example.edu.kz
id009,AlmaU,Астана,"Medicine, Nursing, Dentistry",107,Университет является одним из крупных учебных заведений Казахстана и предлагает широкий спектр образовательных программ.,"Основные программы включают бакалавриат, магистратуру и докторантуру по различным направлениям.","Поступление осуществляется на основе ЕНТ/КТА, внутренних экзаменов или международных сертификатов.","ВУЗ сотрудничает с зарубежными университетами Европы и Азии, предоставляет возможности академической мобильности.",https://example.edu.kz
id010,KIMEP University,Караганда,"Engineering, Robotics, Architecture",78,Университет является одним из крупных учебных заведений Казахстана и предлагает широкий спектр образовательных программ.,"Основные программы включают бакалавриат, магистратуру и докторантуру по различным направлениям.","Поступление осуществляется на основе ЕНТ/КТА, внутренних экзаменов или международных сертификатов.","ВУЗ сотрудничает с зарубежными университетами Европы и Азии, предоставляет возможности академической мобильности.",https://example.edu.kz
id011,KAZGUU University,Павлодар,"Law, International Relations",91,Университет является одним из крупных учебных заведений Казахстана и предлагает широкий спектр образовательных программ.,"Основные программы включают бакалавриат, магистратуру и докторантуру по различным направлениям.","Поступление осуществляется на основе ЕНТ/КТА, внутренних экзаменов или международных сертификатов.","ВУЗ сотрудничает с зарубежными университетами Европы и Азии, предоставляет возможности академической мобильности.",https://example.edu.kz
id012,КазНПУ им. Абая,Караганда,"Engineering, Robotics, Architecture",93,Университет является одним из крупных учебных заведений Казахстана и предлагает широкий спектр образовательных программ.,"Основные программы включают бакалавриат, магистратуру и докторантуру по различным направлениям.","Поступление осуществляется на основе ЕНТ/КТА, внутренних экзаменов или международных сертификатов.","ВУЗ сотрудничает с зарубежными университетами Европы и Азии, предоставляет возможности академической мобильности.",https://example.edu.kz
id013,КазУМОиМЯ,Тараз,"Engineering, Robotics, Architecture",107,Университет является одним из крупных учебных заведений Казахстана и предлагает широкий спектр образовательных программ.,"Основные программы включают бакалавриат, магистратуру и докторантуру по различным направлениям.","Поступление осуществляется на основе ЕНТ/КТА, внутренних экзаменов или международных сертификатов.","ВУЗ сотрудничает с зарубежными университетами Европы и Азии, предоставляет возможности академической мобильности.",https://example.edu.kz
id014,Туран Университет,Кызылорда,"Law, International Relations",110,Университет является одним из крупных учебных заведений Казахстана и предлагает широкий спектр образовательных программ.,"Основные программы включают бакалавриат, магистратуру и докторантуру по различным направлениям.","Поступление осуществляется на основе ЕНТ/КТА, внутренних экзаменов или международных сертификатов.","ВУЗ сотрудничает с зарубежными университетами Европы и Азии, предоставляет возможности академической мобильности.",https://example.edu.kz
id015,UIB,Шымкент,"IT, Computer Science, Software Engineering",70,Университет является одним из крупных учебных заведений Казахстана и предлагает широкий спектр образовательных программ.,"Основные программы включают бакалавриат, магистратуру и докторантуру по различным направлениям.","Поступление осуществляется на основе ЕНТ/КТА, внутренних экзаменов или международных сертификатов.","ВУЗ сотрудничает с зарубежными университетами Европы и Азии, предоставляет возможности академической мобильности.",https://example.edu.kz
id016,Caspiаn University,Уральск,"Law, International Relations",91,Университет является одним из крупных учебных заведений Казахстана и предлагает широкий спектр образовательных программ.,"Основные программы включают бакалавриат, магистратуру и докторантуру по различным направлениям.","Поступление осуществляется на основе ЕНТ/КТА, внутренних экзаменов или международных сертификатов.","ВУЗ сотрудничает с зарубежными университетами Европы и Азии, предоставляет возможности академической мобильности.",https://example.edu.kz
id017,МУИТ,Семей,"Mathematics, Physics, Chemistry",96,Университет является одним из крупных учебных заведений Казахстана и предлагает широкий спектр образовательных программ.,"Основные программы включают бакалавриат, магистратуру и докторантуру по различным направлениям.","Поступление осуществляется на основе ЕНТ/КТА, внутренних экзаменов или международных сертификатов.","ВУЗ сотрудничает с зарубежными университетами Европы и Азии, предоставляет возможности академической мобильности.",https://example.edu.kz
id018,ЖенПУ,Тараз,"Education, Pedagogy, Philology",79,Университет является одним из крупных учебных заведений Казахстана и предлагает широкий спектр образовательных программ.,"Основные программы включают бакалавриат, магистратуру и докторантуру по различным направлениям.","Поступление осуществляется на основе ЕНТ/КТА, внутренних экзаменов или международных сертификатов.","ВУЗ сотрудничает с зарубежными университетами Европы и Азии, предоставляет возможности академической мобильности.",https://example.edu.kz
id019,КазНАИ им. Турсунова,Алматы,"IT, Computer Science, Software Engineering",92,Университет является одним из крупных учебных заведений Казахстана и предлагает широкий спектр образовательных программ.,"Основные программы включают бакалавриат, магистратуру и докторантуру по различным направлениям.","Поступление осуществляется на основе ЕНТ/КТА, внутренних экзаменов или международных сертификатов.","ВУЗ сотрудничает с зарубежными университетами Европы и Азии, предоставляет возможности академической мобильности.",https://example.edu.kz
id020,КазНАХИ им. Жургенова,Шымкент,"Mathematics, Physics, Chemistry",73,Университет является одним из крупных учебных заведений Казахстана и предлагает широкий спектр образовательных программ.,"Основные программы включают бакалавриат, магистратуру и докторантуру по различным направлениям.","Поступление осуществляется на основе ЕНТ/КТА, внутренних экзаменов или международных сертификатов.","ВУЗ сотрудничает с зарубежными университетами Европы и Азии, предоставляет возможности академической мобильности.",https://example.edu.kz
id021,Карагандинский Университет им. Букетова,Павлодар,"IT, Computer Science, Software Engineering",103,Университет является одним из крупных учебных заведений Казахстана и предлагает широкий спектр образовательных программ.,"Основные программы включают бакалавриат, магистратуру и докторантуру по различным направлениям.","Поступление осуществляется на основе ЕНТ/КТА, внутренних экзаменов или международных сертификатов.","ВУЗ сотрудничает с зарубежными университетами Европы и Азии, предоставляет возможности академической мобильности.",https://example.edu.kz
id022,Торайгыров Университет,Павлодар,"Law, International Relations",88,Университет является одним из крупных учебных заведений Казахстана и предлагает широкий спектр образовательных программ.,"Основные программы включают бакалавриат, магистратуру и докторантуру по различным направлениям.","Поступление осуществляется на основе ЕНТ/КТА, внутренних экзаменов или международных сертификатов.","ВУЗ сотрудничает с зарубежными университетами Европы и Азии, предоставляет возможности академической мобильности.",https://example.edu.kz
id023,СКУ им. Козыбаева,Павлодар,"IT, Computer Science, Software Engineering",87,Университет является одним из крупных учебных заведений Казахстана и предлагает широкий спектр образовательных программ.,"Основные программы включают бакалавриат, магистратуру и докторантуру по различным направлениям.","Поступление осуществляется на основе ЕНТ/КТА, внутренних экзаменов или международных сертификатов.","ВУЗ сотрудничает с зарубежными университетами Европы и Азии, предоставляет возможности академической мобильности.",https://example.edu.kz
id024,Костанайский РУ им. Ахмета Байтурсынова,Уральск,"Law, International Relations",103,Университет является одним из крупных учебных заведений Казахстана и предлагает широкий спектр образовательных программ.,"Основные программы включают бакалавриат, магистратуру и докторантуру по различным направлениям.","Поступление осуществляется на основе ЕНТ/КТА, внутренних экзаменов или международных сертификатов.","ВУЗ сотрудничает с зарубежными университетами Европы и Азии, предоставляет возможности академической мобильности.",https://example.edu.kz
id025,ЖезУ,Шымкент,"Mathematics, Physics, Chemistry",82,Университет является одним из крупных учебных заведений Казахстана и предлагает широкий спектр образовательных программ.,"Основные программы включают бакалавриат, магистратуру и докторантуру по различным направлениям.","Поступление осуществляется на основе ЕНТ/КТА, внутренних экзаменов или международных сертификатов.","ВУЗ сотрудничает с зарубежными университетами Европы и Азии, предоставляет возможности академической мобильности.",https://example.edu.kz
id026,Карагандинский Технический Университет,Тараз,"Mathematics, Physics, Chemistry",101,Университет является одним из крупных учебных заведений Казахстана и предлагает широкий спектр образовательных программ.,"Основные программы включают бакалавриат, магистратуру и докторантуру по различным направлениям.","Поступление осуществляется на основе ЕНТ/КТА, внутренних экзаменов или международных сертификатов.","ВУЗ сотрудничает с зарубежными университетами Европы и Азии, предоставляет возможности академической мобильности.",https://example.edu.kz
id027,ЗКТУ им. Утемисова,Кызылорда,"Education, Pedagogy, Philology",115,Университет является одним из крупных учебных заведений Казахстана и предлагает широкий спектр образовательных программ.,"Основные программы включают бакалавриат, магистратуру и докторантуру по различным направлениям.","Поступление осуществляется на основе ЕНТ/КТА, внутренних экзаменов или международных сертификатов.","ВУЗ сотрудничает с зарубежными университетами Европы и Азии, предоставляет возможности академической мобильности.",https://example.edu.kz
id028,Кызылординский Университет им. Коркыт Ата,Уральск,"Engineering, Robotics, Architecture",117,Университет является одним из крупных учебных заведений Казахстана и предлагает широкий спектр образовательных программ.,"Основные программы включают бакалавриат, магистратуру и докторантуру по различным направлениям.","Поступление осуществляется на основе ЕНТ/КТА, внутренних экзаменов или международных сертификатов.","ВУЗ сотрудничает с зарубежными университетами Европы и Азии, предоставляет возможности академической мобильности.",https://example.edu.kz
id029,Актюбинский Региональный Университет им. Жубанова,Атырау,"Engineering, Robotics, Architecture",71,Университет является одним из крупных учебных заведений Казахстана и предлагает широкий спектр образовательных программ.,"Основные программы включают бакалавриат, магистратуру и докторантуру по различным направлениям.","Поступление осуществляется на основе ЕНТ/КТА, внутренних экзаменов или международных сертификатов.","ВУЗ сотрудничает с зарубежными университетами Европы и Азии, предоставляет возможности академической мобильности.",https://example.edu.kz
id030,Шымкентский Университет,Кызылорда,"Economics, Finance, Management",97,Университет является одним из крупных учебных заведений Казахстана и предлагает широкий спектр образовательных программ.,"Основные программы включают бакалавриат, магистратуру и докторантуру по различным направлениям.","Поступление осуществляется на основе ЕНТ/КТА, внутренних экзаменов или международных сертификатов.","ВУЗ сотрудничает с зарубежными университетами Европы и Азии, предоставляет возможности академической мобильности.",https://example.edu.kz
id031,ЮКГУ им. Ауэзова,Астана,"Education, Pedagogy, Philology",105,Университет является одним из крупных учебных заведений Казахстана и предлагает широкий спектр образовательных программ.,"Основные программы включают бакалавриат, магистратуру и докторантуру по различным направлениям.","Поступление осуществляется на основе ЕНТ/КТА, внутренних экзаменов или международных сертификатов.","ВУЗ сотрудничает с зарубежными университетами Европы и Азии, предоставляет возможности академической мобильности.",https://example.edu.kz
id032,Семейский Университет Шакарима,Шымкент,"Law, International Relations",94,Университет является одним из крупных учебных заведений Казахстана и предлагает широкий спектр образовательных программ.,"Основные программы включают бакалавриат, магистратуру и докторантуру по различным направлениям.","Поступление осуществляется на основе ЕНТ/КТА, внутренних экзаменов или международных сертификатов.","ВУЗ сотрудничает с зарубежными университетами Европы и Азии, предоставляет возможности академической мобильности.",https://example.edu.kz
id033,ВКГУ им. Сарсенбаева,Тараз,"Law, International Relations",77,Университет является одним из крупных учебных заведений Казахстана и предлагает широкий спектр образовательных программ.,"Основные программы включают бакалавриат, магистратуру и докторантуру по различным направлениям.","Поступление осуществляется на основе ЕНТ/КТА, внутренних экзаменов или международных сертификатов.","ВУЗ сотрудничает с зарубежными университетами Европы и Азии, предоставляет возможности академической мобильности.",https://example.edu.kz
id034,Таразский Региональный Университет им. Дулати,Уральск,"Medicine, Nursing, Dentistry",100,Университет является одним из крупных учебных заведений Казахстана и предлагает широкий спектр образовательных программ.,"Основные программы включают бакалавриат, магистратуру и докторантуру по различным направлениям.","Поступление осуществляется на основе ЕНТ/КТА, внутренних экзаменов или международных сертификатов.","ВУЗ сотрудничает с зарубежными университетами Европы и Азии, предоставляет возможности академической мобильности.",https://example.edu.kz
id035,ПГУ им. Торайгырова,Атырау,"Education, Pedagogy, Philology",73,Университет является одним из крупных учебных заведений Казахстана и предлагает широкий спектр образовательных программ.,"Основные программы включают бакалавриат, магистратуру и докторантуру по различным направлениям.","Поступление осуществляется на основе ЕНТ/КТА, внутренних экзаменов или международных сертификатов.","ВУЗ сотрудничает с зарубежными университетами Европы и Азии, предоставляет возможности академической мобильности.",https://example.edu.kz
id036,Екибастузский инженерный институт,Кызылорда,"Mathematics, Physics, Chemistry",108,Университет является одним из крупных учебных заведений Казахстана и предлагает широкий спектр образовательных программ.,"Основные программы включают бакалавриат, магистратуру и докторантуру по различным направлениям.","Поступление осуществляется на основе ЕНТ/КТА, внутренних экзаменов или международных сертификатов.","ВУЗ сотрудничает с зарубежными университетами Европы и Азии, предоставляет возможности академической мобильности.",https://example.edu.kz
id037,Кокшетауский Университет,Павлодар,"Education, Pedagogy, Philology",112,Университет является одним из крупных учебных заведений Казахстана и предлагает широкий спектр образовательных программ.,"Основные программы включают бакалавриат, магистратуру и докторантуру по различным направлениям.","Поступление осуществляется на основе ЕНТ/КТА, внутренних экзаменов или международных сертификатов.","ВУЗ сотрудничает с зарубежными университетами Европы и Азии, предоставляет возможности академической мобильности.",https://example.edu.kz
id038,КазАТУ им. Сейфуллина,Кокшетау,"Education, Pedagogy, Philology",72,Университет является одним из крупных учебных заведений Казахстана и предлагает широкий спектр образовательных программ.,"Основные программы включают бакалавриат, магистратуру и докторантуру по различным направлениям.","Поступление осуществляется на основе ЕНТ/КТА, внутренних экзаменов или международных сертификатов.","ВУЗ сотрудничает с зарубежными университетами Европы и Азии, предоставляет возможности академической мобильности.",https://example.edu.kz
id039,АУЭС,Кокшетау,"Education, Pedagogy, Philology",114,Университет является одним из крупных учебных заведений Казахстана и предлагает широкий спектр образовательных программ.,"Основные программы включают бакалавриат, магистратуру и докторантуру по различным направлениям.","Поступление осуществляется на основе ЕНТ/КТА, внутренних экзаменов или международных сертификатов.","ВУЗ сотрудничает с зарубежными университетами Европы и Азии, предоставляет возможности академической мобильности.",https://example.edu.kz
id040,Academy of Civil Aviation,Шымкент,"Engineering, Robotics, Architecture",117,Университет является одним из крупных учебных заведений Казахстана и предлагает широкий спектр образовательных программ.,"Основные программы включают бакалавриат, магистратуру и докторантуру по различным направлениям.","Поступление осуществляется на основе ЕНТ/КТА, внутренних экзаменов или международных сертификатов.","ВУЗ сотрудничает с зарубежными университетами Европы и Азии, предоставляет возможности академической мобильности.",https://example.edu.kz
id041,Karaganda Medical University,Алматы,"Mathematics, Physics, Chemistry",120,Университет является одним из крупных учебных заведений Казахстана и предлагает широкий спектр образовательных программ.,"Основные программы включают бакалавриат, магистратуру и докторантуру по различным направлениям.","Поступление осуществляется на основе ЕНТ/КТА, внутренних экзаменов или международных сертификатов.","ВУЗ сотрудничает с зарубежными университетами Европы и Азии, предоставляет возможности академической мобильности.",https://example.edu.kz
id042,Semey Medical University,Уральск,"Law, International Relations",71,Университет является одним из крупных учебных заведений Казахстана и предлагает широкий спектр образовательных программ.,"Основные программы включают бакалавриат, магистратуру и докторантуру по различным направлениям.","Поступление осуществляется на основе ЕНТ/КТА, внутренних экзаменов или международных сертификатов.","ВУЗ сотрудничает с зарубежными университетами Европы и Азии, предоставляет возможности академической мобильности.",https://example.edu.kz
id043,КазНМУ им. Асфендиярова,Шымкент,"IT, Computer Science, Software Engineering",83,Университет является одним из крупных учебных заведений Казахстана и предлагает широкий спектр образовательных программ.,"Основные программы включают бакалавриат, магистратуру и докторантуру по различным направлениям.","Поступление осуществляется на основе ЕНТ/КТА, внутренних экзаменов или международных сертификатов.","ВУЗ сотрудничает с зарубежными университетами Европы и Азии, предоставляет возможности академической мобильности.",https://example.edu.kz
id044,Медицинский Университет Астана,Шымкент,"Law, International Relations",105,Университет является одним из крупных учебных заведений Казахстана и предлагает широкий спектр образовательных программ.,"Основные программы включают бакалавриат, магистратуру и докторантуру по различным направлениям.","Поступление осуществляется на основе ЕНТ/КТА, внутренних экзаменов или международных сертификатов.","ВУЗ сотрудничает с зарубежными университетами Европы и Азии, предоставляет возможности академической мобильности.",https://example.edu.kz
id045,Карагандинский Медицинский Университет,Кокшетау,"Education, Pedagogy, Philology",73,Университет является одним из крупных учебных заведений Казахстана и предлагает широкий спектр образовательных программ.,"Основные программы включают бакалавриат, магистратуру и докторантуру по различным направлениям.","Поступление осуществляется на основе ЕНТ/КТА, внутренних экзаменов или международных сертификатов.","ВУЗ сотрудничает с зарубежными университетами Европы и Азии, предоставляет возможности академической мобильности.",https://example.edu.kz
id046,ЮКМУ,Тараз,"Mathematics, Physics, Chemistry",105,Университет является одним из крупных учебных заведений Казахстана и предлагает широкий спектр образовательных программ.,"Основные программы включают бакалавриат, магистратуру и докторантуру по различным направлениям.","Поступление осуществляется на основе ЕНТ/КТА, внутренних экзаменов или международных сертификатов.","ВУЗ сотрудничает с зарубежными университетами Европы и Азии, предоставляет возможности академической мобильности.",https://example.edu.kz
id047,West Kazakhstan Medical University,Астана,"Economics, Finance, Management",103,Университет является одним из крупных учебных заведений Казахстана и предлагает широкий спектр образовательных программ.,"Основные программы включают бакалавриат, магистратуру и докторантуру по различным направлениям.","Поступление осуществляется на основе ЕНТ/КТА, внутренних экзаменов или международных сертификатов.","ВУЗ сотрудничает с зарубежными университетами Европы и Азии, предоставляет возможности академической мобильности.",https://example.edu.kz
id048,Almaty Management University,Алматы,"Education, Pedagogy, Philology",107,Университет является одним из крупных учебных заведений Казахстана и предлагает широкий спектр образовательных программ.,"Основные программы включают бакалавриат, магистратуру и докторантуру по различным направлениям.","Поступление осуществляется на основе ЕНТ/КТА, внутренних экзаменов или международных сертификатов.","ВУЗ сотрудничает с зарубежными университетами Европы и Азии, предоставляет возможности академической мобильности.",https://example.edu.kz
id049,Almaty Technological University,Уральск,"Law, International Relations",97,Университет является одним из крупных учебных заведений Казахстана и предлагает широкий спектр образовательных программ.,"Основные программы включают бакалавриат, магистратуру и докторантуру по различным направлениям.","Поступление осуществляется на основе ЕНТ/КТА, внутренних экзаменов или международных сертификатов.","ВУЗ сотрудничает с зарубежными университетами Европы и Азии, предоставляет возможности академической мобильности.",https://example.edu.kz
id050,Kazakh-British Technical University,Кызылорда,"Medicine, Nursing, Dentistry",88,Университет является одним из крупных учебных заведений Казахстана и предлагает широкий спектр образовательных программ.,"Основные программы включают бакалавриат, магистратуру и докторантуру по различным направлениям.","Поступление осуществляется на основе ЕНТ/КТА, внутренних экзаменов или международных сертификатов.","ВУЗ сотрудничает с зарубежными университетами Европы и Азии, предоставляет возможности академической мобильности.",https://example.edu.kz
id051,Kazakhstan Engineering University,Кызылорда,"Education, Pedagogy, Philology",88,Университет является одним из крупных учебных заведений Казахстана и предлагает широкий спектр образовательных программ.,"Основные программы включают бакалавриат, магистратуру и докторантуру по различным направлениям.","Поступление осуществляется на основе ЕНТ/КТА, внутренних экзаменов или международных сертификатов.","ВУЗ сотрудничает с зарубежными университетами Европы и Азии, предоставляет возможности академической мобильности.",https://example.edu.kz
id052,International University of Information Technologies,Кокшетау,"Medicine, Nursing, Dentistry",78,Университет является одним из крупных учебных заведений Казахстана и предлагает широкий спектр образовательных программ.,"Основные программы включают бакалавриат, магистратуру и докторантуру по различным направлениям.","Поступление осуществляется на основе ЕНТ/КТА, внутренних экзаменов или международных сертификатов.","ВУЗ сотрудничает с зарубежными университетами Европы и Азии, предоставляет возможности академической мобильности.",https://example.edu.kz
id053,Astana Medical University,Семей,"Medicine, Nursing, Dentistry",99,Университет является одним из крупных учебных заведений Казахстана и предлагает широкий спектр образовательных программ.,"Основные программы включают бакалавриат, магистратуру и докторантуру по различным направлениям.","Поступление осуществляется на основе ЕНТ/КТА, внутренних экзаменов или международных сертификатов.","ВУЗ сотрудничает с зарубежными университетами Европы и Азии, предоставляет возможности академической мобильности.",https://example.edu.kz
id054,Kazakh Fashion Academy,Кокшетау,"Medicine, Nursing, Dentistry",82,Университет является одним из крупных учебных заведений Казахстана и предлагает широкий спектр образовательных программ.,"Основные программы включают бакалавриат, магистратуру и докторантуру по различным направлениям.","Поступление осуществляется на основе ЕНТ/КТА, внутренних экзаменов или международных сертификатов.","ВУЗ сотрудничает с зарубежными университетами Европы и Азии, предоставляет возможности академической мобильности.",https://example.edu.kz
id055,Kazakh Leaders Academy,Алматы,"IT, Computer Science, Software Engineering",94,Университет является одним из крупных учебных заведений Казахстана и предлагает широкий спектр образовательных программ.,"Основные программы включают бакалавриат, магистратуру и докторантуру по различным направлениям.","Поступление осуществляется на основе ЕНТ/КТА, внутренних экзаменов или международных сертификатов.","ВУЗ сотрудничает с зарубежными университетами Европы и Азии, предоставляет возможности академической мобильности.",https://example.edu.kz
id056,Kazakh Logistics Academy,Караганда,"Mathematics, Physics, Chemistry",100,Университет является одним из крупных учебных заведений Казахстана и предлагает широкий спектр образовательных программ.,"Основные программы включают бакалавриат, магистратуру и докторантуру по различным направлениям.","Поступление осуществляется на основе ЕНТ/КТА, внутренних экзаменов или международных сертификатов.","ВУЗ сотрудничает с зарубежными университетами Европы и Азии, предоставляет возможности академической мобильности.",https://example.edu.kz
id057,East Kazakhstan Technical University,Павлодар,"Economics, Finance, Management",73,Университет является одним из крупных учебных заведений Казахстана и предлагает широкий спектр образовательных программ.,"Основные программы включают бакалавриат, магистратуру и докторантуру по различным направлениям.","Поступление осуществляется на основе ЕНТ/КТА, внутренних экзаменов или международных сертификатов.","ВУЗ сотрудничает с зарубежными университетами Европы и Азии, предоставляет возможности академической мобильности.",https://example.edu.kz
id058,Kazakh AgroTechnical University,Тараз,"Medicine, Nursing, Dentistry",79,Университет является одним из крупных учебных заведений Казахстана и предлагает широкий спектр образовательных программ.,"Основные программы включают бакалавриат, магистратуру и докторантуру по различным направлениям.","Поступление осуществляется на основе ЕНТ/КТА, внутренних экзаменов или международных сертификатов.","ВУЗ сотрудничает с зарубежными университетами Европы и Азии, предоставляет возможности академической мобильности.",https://example.edu.kz
id059,Kazakhstan Maritime Academy,Павлодар,"IT, Computer Science, Software Engineering",99,Университет является одним из крупных учебных заведений Казахстана и предлагает широкий спектр образовательных программ.,"Основные программы включают бакалавриат, магистратуру и докторантуру по различным направлениям.","Поступление осуществляется на основе ЕНТ/КТА, внутренних экзаменов или международных сертификатов.","ВУЗ сотрудничает с зарубежными университетами Европы и Азии, предоставляет возможности академической мобильности.",https://example.edu.kz
id060,Almaty University,Шымкент,"Education, Pedagogy, Philology",84,Университет является одним из крупных учебных заведений Казахстана и предлагает широкий спектр образовательных программ.,"Основные программы включают бакалавриат, магистратуру и докторантуру по различным направлениям.","Поступление осуществляется на основе ЕНТ/КТА, внутренних экзаменов или международных сертификатов.","ВУЗ сотрудничает с зарубежными университетами Европы и Азии, предоставляет возможности академической мобильности.",https://example.edu.kz
id061,Shymkent University,Уральск,"Mathematics, Physics, Chemistry",90,Университет является одним из крупных учебных заведений Казахстана и предлагает широкий спектр образовательных программ.,"Основные программы включают бакалавриат, магистратуру и докторантуру по различным направлениям.","Поступление осуществляется на основе ЕНТ/КТА, внутренних экзаменов или международных сертификатов.","ВУЗ сотрудничает с зарубежными университетами Европы и Азии, предоставляет возможности академической мобильности.",https://example.edu.kz
id062,Kokshetau Technical Institute,Тараз,"Mathematics, Physics, Chemistry",77,Университет является одним из крупных учебных заведений Казахстана и предлагает широкий спектр образовательных программ.,"Основные программы включают бакалавриат, магистратуру и докторантуру по различным направлениям.","Поступление осуществляется на основе ЕНТ/КТА, внутренних экзаменов или международных сертификатов.","ВУЗ сотрудничает с зарубежными университетами Европы и Азии, предоставляет возможности академической мобильности.",https://example.edu.kz
id063,Aktobe University,Атырау,"IT, Computer Science, Software Engineering",120,Университет является одним из крупных учебных заведений Казахстана и предлагает широкий спектр образовательных программ.,"Основные программы включают бакалавриат, магистратуру и докторантуру по различным направлениям.","Поступление осуществляется на основе ЕНТ/КТА, внутренних экзаменов или международных сертификатов.","ВУЗ сотрудничает с зарубежными университетами Европы и Азии, предоставляет возможности академической мобильности.",https://example.edu.kz
id064,Turkestan University,Кокшетау,"Medicine, Nursing, Dentistry",82,Университет является одним из крупных учебных заведений Казахстана и предлагает широкий спектр образовательных программ.,"Основные программы включают бакалавриат, магистратуру и докторантуру по различным направлениям.","Поступление осуществляется на основе ЕНТ/КТА, внутренних экзаменов или международных сертификатов.","ВУЗ сотрудничает с зарубежными университетами Европы и Азии, предоставляет возможности академической мобильности.",https://example.edu.kz
id065,Auezov South Kazakhstan University,Семей,"Engineering, Robotics, Architecture",108,Университет является одним из крупных учебных заведений Казахстана и предлагает широкий спектр образовательных программ.,"Основные программы включают бакалавриат, магистратуру и докторантуру по различным направлениям.","Поступление осуществляется на основе ЕНТ/КТА, внутренних экзаменов или международных сертификатов.","ВУЗ сотрудничает с зарубежными университетами Европы и Азии, предоставляет возможности академической мобильности.",https://example.edu.kz
id066,Kazakh Road Academy,Астана,"Law, International Relations",108,Университет является одним из крупных учебных заведений Казахстана и предлагает широкий спектр образовательных программ.,"Основные программы включают бакалавриат, магистратуру и докторантуру по различным направлениям.","Поступление осуществляется на основе ЕНТ/КТА, внутренних экзаменов или международных сертификатов.","ВУЗ сотрудничает с зарубежными университетами Европы и Азии, предоставляет возможности академической мобильности.",https://example.edu.kz
id067,National Defense University,Семей,"Education, Pedagogy, Philology",103,Университет является одним из крупных учебных заведений Казахстана и предлагает широкий спектр образовательных программ.,"Основные программы включают бакалавриат, магистратуру и докторантуру по различным направлениям.","Поступление осуществляется на основе ЕНТ/КТА, внутренних экзаменов или международных сертификатов.","ВУЗ сотрудничает с зарубежными университетами Европы и Азии, предоставляет возможности академической мобильности.",https://example.edu.kz
id068,Kazakh Sports Academy,Павлодар,"Medicine, Nursing, Dentistry",111,Университет является одним из крупных учебных заведений Казахстана и предлагает широкий спектр образовательных программ.,"Основные программы включают бакалавриат, магистратуру и докторантуру по различным направлениям.","Поступление осуществляется на основе ЕНТ/КТА, внутренних экзаменов или международных сертификатов.","ВУЗ сотрудничает с зарубежными университетами Европы и Азии, предоставляет возможности академической мобильности.",https://example.edu.kz
id069,Kazakh Law Academy,Уральск,"IT, Computer Science, Software Engineering",90,Университет является одним из крупных учебных заведений Казахстана и предлагает широкий спектр образовательных программ.,"Основные программы включают бакалавриат, магистратуру и докторантуру по различным направлениям.","Поступление осуществляется на основе ЕНТ/КТА, внутренних экзаменов или международных сертификатов.","ВУЗ сотрудничает с зарубежными университетами Европы и Азии, предоставляет возможности академической мобильности.",https://example.edu.kz
id070,Almaty Architecture & Construction University,Кызылорда,"Law, International Relations",93,Университет является одним из крупных учебных заведений Казахстана и предлагает широкий спектр образовательных программ.,"Основные программы включают бакалавриат, магистратуру и докторантуру по различным направлениям.","Поступление осуществляется на основе ЕНТ/КТА, внутренних экзаменов или международных сертификатов.","ВУЗ сотрудничает с зарубежными университетами Европы и Азии, предоставляет возможности академической мобильности.",https://example.edu.kz
id071,Kazakh Academy of Transport,Караганда,"Medicine, Nursing, Dentistry",103,Университет является одним из крупных учебных заведений Казахстана и предлагает широкий спектр образовательных программ.,"Основные программы включают бакалавриат, магистратуру и докторантуру по различным направлениям.","Поступление осуществляется на основе ЕНТ/КТА, внутренних экзаменов или международных сертификатов.","ВУЗ сотрудничает с зарубежными университетами Европы и Азии, предоставляет возможности академической мобильности.",https://example.edu.kz
id072,Financial Academy,Караганда,"Mathematics, Physics, Chemistry",102,Университет является одним из крупных учебных заведений Казахстана и предлагает широкий спектр образовательных программ.,"Основные программы включают бакалавриат, магистратуру и докторантуру по различным направлениям.","Поступление осуществляется на основе ЕНТ/КТА, внутренних экзаменов или международных сертификатов.","ВУЗ сотрудничает с зарубежными университетами Европы и Азии, предоставляет возможности академической мобильности.",https://example.edu.kz
id073,International Business Academy,Кызылорда,"Law, International Relations",82,Университет является одним из крупных учебных заведений Казахстана и предлагает широкий спектр образовательных программ.,"Основные программы включают бакалавриат, магистратуру и докторантуру по различным направлениям.","Поступление осуществляется на основе ЕНТ/КТА, внутренних экзаменов или международных сертификатов.","ВУЗ сотрудничает с зарубежными университетами Европы и Азии, предоставляет возможности академической мобильности.",https://example.edu.kz
id074,Kazakh-American University,Караганда,"Engineering, Robotics, Architecture",72,Университет является одним из крупных учебных заведений Казахстана и предлагает широкий спектр образовательных программ.,"Основные программы включают бакалавриат, магистратуру и докторантуру по различным направлениям.","Поступление осуществляется на основе ЕНТ/КТА, внутренних экзаменов или международных сертификатов.","ВУЗ сотрудничает с зарубежными университетами Европы и Азии, предоставляет возможности академической мобильности.",https://example.edu.kz
id075,Almaty Economics University,Кызылорда,"Education, Pedagogy, Philology",82,Университет является одним из крупных учебных заведений Казахстана и предлагает широкий спектр образовательных программ.,"Основные программы включают бакалавриат, магистратуру и докторантуру по различным направлениям.","Поступление осуществляется на основе ЕНТ/КТА, внутренних экзаменов или международных сертификатов.","ВУЗ сотрудничает с зарубежными университетами Европы и Азии, предоставляет возможности академической мобильности.",https://example.edu.kz
id076,Eurasian Technological University,Тараз,"Mathematics, Physics, Chemistry",108,Университет является одним из крупных учебных заведений Казахстана и предлагает широкий спектр образовательных программ.,"Основные программы включают бакалавриат, магистратуру и докторантуру по различным направлениям.","Поступление осуществляется на основе ЕНТ/КТА, внутренних экзаменов или международных сертификатов.","ВУЗ сотрудничает с зарубежными университетами Европы и Азии, предоставляет возможности академической мобильности.",https://example.edu.kz
id077,Kazakhstan Innovation University,Семей,"Economics, Finance, Management",92,Университет является одним из крупных учебных заведений Казахстана и предлагает широкий спектр образовательных программ.,"Основные программы включают бакалавриат, магистратуру и докторантуру по различным направлениям.","Поступление осуществляется на основе ЕНТ/КТА, внутренних экзаменов или международных сертификатов.","ВУЗ сотрудничает с зарубежными университетами Европы и Азии, предоставляет возможности академической мобильности.",https://example.edu.kz
id078,Kazakh Aviation Academy,Шымкент,"Mathematics, Physics, Chemistry",111,Университет является одним из крупных учебных заведений Казахстана и предлагает широкий спектр образовательных программ.,"Основные программы включают бакалавриат, магистратуру и докторантуру по различным направлениям.","Поступление осуществляется на основе ЕНТ/КТА, внутренних экзаменов или международных сертификатов.","ВУЗ сотрудничает с зарубежными университетами Европы и Азии, предоставляет возможности академической мобильности.",https://example.edu.kz
id079,Astana IT College University,Алматы,"Education, Pedagogy, Philology",76,Университет является одним из крупных учебных заведений Казахстана и предлагает широкий спектр образовательных программ.,"Основные программы включают бакалавриат, магистратуру и докторантуру по различным направлениям.","Поступление осуществляется на основе ЕНТ/КТА, внутренних экзаменов или международных сертификатов.","ВУЗ сотрудничает с зарубежными университетами Европы и Азии, предоставляет возможности академической мобильности.",https://example.edu.kz
id080,Almaty Energy College University,Астана,"Engineering, Robotics, Architecture",78,Университет является одним из крупных учебных заведений Казахстана и предлагает широкий спектр образовательных программ.,"Основные программы включают бакалавриат, магистратуру и докторантуру по различным направлениям.","Поступление осуществляется на основе ЕНТ/КТА, внутренних экзаменов или международных сертификатов.","ВУЗ сотрудничает с зарубежными университетами Европы и Азии, предоставляет возможности академической мобильности.",https://example.edu.kz
id081,Saken Seifullin Agrarian University,Шымкент,"IT, Computer Science, Software Engineering",114,Университет является одним из крупных учебных заведений Казахстана и предлагает широкий спектр образовательных программ.,"Основные программы включают бакалавриат, магистратуру и докторантуру по различным направлениям.","Поступление осуществляется на основе ЕНТ/КТА, внутренних экзаменов или международных сертификатов.","ВУЗ сотрудничает с зарубежными университетами Европы и Азии, предоставляет возможности академической мобильности.",https://example.edu.kz
id082,Military Engineering Institute,Кокшетау,"Economics, Finance, Management",83,Университет является одним из крупных учебных заведений Казахстана и предлагает широкий спектр образовательных программ.,"Основные программы включают бакалавриат, магистратуру и докторантуру по различным направлениям.","Поступление осуществляется на основе ЕНТ/КТА, внутренних экзаменов или международных сертификатов.","ВУЗ сотрудничает с зарубежными университетами Европы и Азии, предоставляет возможности академической мобильности.",https://example.edu.kz
id083,Kazakh Women's University,Семей,"Medicine, Nursing, Dentistry",87,Университет является одним из крупных учебных заведений Казахстана и предлагает широкий спектр образовательных программ.,"Основные программы включают бакалавриат, магистратуру и докторантуру по различным направлениям.","Поступление осуществляется на основе ЕНТ/КТА, внутренних экзаменов или международных сертификатов.","ВУЗ сотрудничает с зарубежными университетами Европы и Азии, предоставляет возможности академической мобильности.",https://example.edu.kz
id084,Kazakh Pedagogical University,Павлодар,"Economics, Finance, Management",107,Университет является одним из крупных учебных заведений Казахстана и предлагает широкий спектр образовательных программ.,"Основные программы включают бакалавриат, магистратуру и докторантуру по различным направлениям.","Поступление осуществляется на основе ЕНТ/КТА, внутренних экзаменов или международных сертификатов.","ВУЗ сотрудничает с зарубежными университетами Европы и Азии, предоставляет возможности академической мобильности.",https://example.edu.kz
id085,International University Silkway,Астана,"Medicine, Nursing, Dentistry",104,Университет является одним из крупных учебных заведений Казахстана и предлагает широкий спектр образовательных программ.,"Основные программы включают бакалавриат, магистратуру и докторантуру по различным направлениям.","Поступление осуществляется на основе ЕНТ/КТА, внутренних экзаменов или международных сертификатов.","ВУЗ сотрудничает с зарубежными университетами Европы и Азии, предоставляет возможности академической мобильности.",https://example.edu.kz
id086,Zhetysu University,Уральск,"Medicine, Nursing, Dentistry",92,Университет является одним из крупных учебных заведений Казахстана и предлагает широкий спектр образовательных программ.,"Основные программы включают бакалавриат, магистратуру и докторантуру по различным направлениям.","Поступление осуществляется на основе ЕНТ/КТА, внутренних экзаменов или международных сертификатов.","ВУЗ сотрудничает с зарубежными университетами Европы и Азии, предоставляет возможности академической мобильности.",https://example.edu.kz
id087,Turan-Astana University,Кокшетау,"Economics, Finance, Management",90,Университет является одним из крупных учебных заведений Казахстана и предлагает широкий спектр образовательных программ.,"Основные программы включают бакалавриат, магистратуру и докторантуру по различным направлениям.","Поступление осуществляется на основе ЕНТ/КТА, внутренних экзаменов или международных сертификатов.","ВУЗ сотрудничает с зарубежными университетами Европы и Азии, предоставляет возможности академической мобильности.",https://example.edu.kz
id088,Bolashak University,Астана,"IT, Computer Science, Software Engineering",108,Университет является одним из крупных учебных заведений Казахстана и предлагает широкий спектр образовательных программ.,"Основные программы включают бакалавриат, магистратуру и докторантуру по различным направлениям.","Поступление осуществляется на основе ЕНТ/КТА, внутренних экзаменов или международных сертификатов.","ВУЗ сотрудничает с зарубежными университетами Европы и Азии, предоставляет возможности академической мобильности.",https://example.edu.kz
id089,Central Asian University,Тараз,"IT, Computer Science, Software Engineering",85,Университет является одним из крупных учебных заведений Казахстана и предлагает широкий спектр образовательных программ.,"Основные программы включают бакалавриат, магистратуру и докторантуру по различным направлениям.","Поступление осуществляется на основе ЕНТ/КТА, внутренних экзаменов или международных сертификатов.","ВУЗ сотрудничает с зарубежными университетами Европы и Азии, предоставляет возможности академической мобильности.",https://example.edu.kz
id090,Art Academy of Kazakhstan,Павлодар,"Economics, Finance, Management",77,Университет является одним из крупных учебных заведений Казахстана и предлагает широкий спектр образовательных программ.,"Основные программы включают бакалавриат, магистратуру и докторантуру по различным направлениям.","Поступление осуществляется на основе ЕНТ/КТА, внутренних экзаменов или международных сертификатов.","ВУЗ сотрудничает с зарубежными университетами Европы и Азии, предоставляет возможности академической мобильности.",https://example.edu.kz
id091,Turan Regional University,Шымкент,"Medicine, Nursing, Dentistry",98,Университет является одним из крупных учебных заведений Казахстана и предлагает широкий спектр образовательных программ.,"Основные программы включают бакалавриат, магистратуру и докторантуру по различным направлениям.","Поступление осуществляется на основе ЕНТ/КТА, внутренних экзаменов или международных сертификатов.","ВУЗ сотрудничает с зарубежными университетами Европы и Азии, предоставляет возможности академической мобильности.",https://example.edu.kz
id092,Altai Technical University,Атырау,"Law, International Relations",105,Университет является одним из крупных учебных заведений Казахстана и предлагает широкий спектр образовательных программ.,"Основные программы включают бакалавриат, магистратуру и докторантуру по различным направлениям.","Поступление осуществляется на основе ЕНТ/КТА, внутренних экзаменов или международных сертификатов.","ВУЗ сотрудничает с зарубежными университетами Европы и Азии, предоставляет возможности академической мобильности.",https://example.edu.kz
id093,Kazakh Industrial University,Павлодар,"Law, International Relations",106,Университет является одним из крупных учебных заведений Казахстана и предлагает широкий спектр образовательных программ.,"Основные программы включают бакалавриат, магистратуру и докторантуру по различным направлениям.","Поступление осуществляется на основе ЕНТ/КТА, внутренних экзаменов или международных сертификатов.","ВУЗ сотрудничает с зарубежными университетами Европы и Азии, предоставляет возможности академической мобильности.",https://example.edu.kz
id094,Университет 94,Кокшетау,"IT, Computer Science, Software Engineering",81,Университет является одним из крупных учебных заведений Казахстана и предлагает широкий спектр образовательных программ.,"Основные программы включают бакалавриат, магистратуру и докторантуру по различным направлениям.","Поступление осуществляется на основе ЕНТ/КТА, внутренних экзаменов или международных сертификатов.","ВУЗ сотрудничает с зарубежными университетами Европы и Азии, предоставляет возможности академической мобильности.",https://example.edu.kz
id095,Университет 95,Семей,"Education, Pedagogy, Philology",119,Университет является одним из крупных учебных заведений Казахстана и предлагает широкий спектр образовательных программ.,"Основные программы включают бакалавриат, магистратуру и докторантуру по различным направлениям.","Поступление осуществляется на основе ЕНТ/КТА, внутренних экзаменов или международных сертификатов.","ВУЗ сотрудничает с зарубежными университетами Европы и Азии, предоставляет возможности академической мобильности.",https://example.edu.kz
id096,Университет 96,Астана,"Education, Pedagogy, Philology",116,Университет является одним из крупных учебных заведений Казахстана и предлагает широкий спектр образовательных программ.,"Основные программы включают бакалавриат, магистратуру и докторантуру по различным направлениям.","Поступление осуществляется на основе ЕНТ/КТА, внутренних экзаменов или международных сертификатов.","ВУЗ сотрудничает с зарубежными университетами Европы и Азии, предоставляет возможности академической мобильности.",https://example.edu.kz
id097,Университет 97,Астана,"Law, International Relations",90,Университет является одним из крупных учебных заведений Казахстана и предлагает широкий спектр образовательных программ.,"Основные программы включают бакалавриат, магистратуру и докторантуру по различным направлениям.","Поступление осуществляется на основе ЕНТ/КТА, внутренних экзаменов или международных сертификатов.","ВУЗ сотрудничает с зарубежными университетами Европы и Азии, предоставляет возможности академической мобильности.",https://example.edu.kz
id098,Университет 98,Астана,"Economics, Finance, Management",100,Университет является одним из крупных учебных заведений Казахстана и предлагает широкий спектр образовательных программ.,"Основные программы включают бакалавриат, магистратуру и докторантуру по различным направлениям.","Поступление осуществляется на основе ЕНТ/КТА, внутренних экзаменов или международных сертификатов.","ВУЗ сотрудничает с зарубежными университетами Европы и Азии, предоставляет возможности академической мобильности.",https://example.edu.kz
id099,Университет 99,Алматы,"Medicine, Nursing, Dentistry",107,Университет является одним из крупных учебных заведений Казахстана и предлагает широкий спектр образовательных программ.,"Основные программы включают бакалавриат, магистратуру и докторантуру по различным направлениям.","Поступление осуществляется на основе ЕНТ/КТА, внутренних экзаменов или международных сертификатов.","ВУЗ сотрудничает с зарубежными университетами Европы и Азии, предоставляет возможности академической мобильности.",https://example.edu.kz
id100,Университет 100,Тараз,"IT, Computer Science, Software Engineering",116,Университет является одним из крупных учебных заведений Казахстана и предлагает широкий спектр образовательных программ.,"Основные программы включают бакалавриат, магистратуру и докторантуру по различным направлениям.","Поступление осуществляется на основе ЕНТ/КТА, внутренних экзаменов или международных сертификатов.","ВУЗ сотрудничает с зарубежными университетами Европы и Азии, предоставляет возможности академической мобильности.",https://example.edu.kz
